epoch,lr,train_loss,train_acc,val_acc,time_s,loss_ce
1,0.1,2.2991656806658614,0.1749111111111111,0.2752,70.09098267555237,2.2991656806658614
2,0.09997532801828658,1.7687881284139373,0.3390444444444444,0.4324,38.442009925842285,1.7687881284139373
3,0.09990133642141358,1.4853403043340554,0.45695555555555556,0.5606,38.42626667022705,1.4853403043340554
4,0.099778098230154,1.2415627645836635,0.5579555555555555,0.6078,40.82309675216675,1.2415627645836635
5,0.0996057350657239,1.0571092202920804,0.6249777777777777,0.6946,40.878145933151245,1.0571092202920804
6,0.09938441702975688,0.9066829391839829,0.6832666666666667,0.7248,39.657657861709595,0.9066829391839829
7,0.09911436253643444,0.8144865616817366,0.7168444444444444,0.6852,38.93695664405823,0.8144865616817366
8,0.09879583809693737,0.7637900127605959,0.7351777777777778,0.7624,39.84235405921936,0.7637900127605959
9,0.09842915805643156,0.7124663604084741,0.7522,0.7674,40.7867591381073,0.7124663604084741
10,0.09801468428384716,0.6847341012378986,0.7644222222222222,0.7664,39.22647786140442,0.6847341012378986
11,0.09755282581475769,0.6554471276361834,0.7758666666666667,0.7658,38.99717044830322,0.6554471276361834
12,0.09704403844771128,0.6370758279650048,0.7792888888888889,0.7916,39.38498783111572,0.6370758279650048
13,0.09648882429441258,0.6186012872071429,0.7866222222222222,0.8006,38.98554444313049,0.6186012872071429
14,0.09588773128419906,0.5941648817705837,0.7968,0.7778,38.96986150741577,0.5941648817705837
15,0.09524135262330098,0.5913606037131764,0.7977777777777778,0.7934,39.379990339279175,0.5913606037131764
16,0.0945503262094184,0.5729122806171124,0.8042,0.7558,37.95478820800781,0.5729122806171124
17,0.09381533400219319,0.5639406705952503,0.8073555555555556,0.8348,38.957061529159546,0.5639406705952503
18,0.0930371013501972,0.5532087905501778,0.8109111111111111,0.7838,40.49001955986023,0.5532087905501778
19,0.09221639627510078,0.5346381334079937,0.8170444444444445,0.8388,38.70930099487305,0.5346381334079937
20,0.09135402871372812,0.5352023828097365,0.816,0.7884,38.564170598983765,0.5352023828097365
21,0.09045084971874741,0.5202789895913817,0.8227111111111111,0.783,39.07957911491394,0.5202789895913817
22,0.08950775061878455,0.519775174727494,0.8218444444444445,0.8176,39.20236587524414,0.519775174727494
23,0.0885256621387895,0.5056150471791625,0.8260222222222222,0.8332,37.997742652893066,0.5056150471791625
24,0.08750555348152302,0.5048470750281756,0.826,0.805,39.759137868881226,0.5048470750281756
25,0.08644843137107061,0.4938119299371134,0.8306666666666667,0.8194,39.73476576805115,0.4938119299371134
26,0.0853553390593274,0.48356450095095416,0.8348888888888889,0.7544,38.38704037666321,0.48356450095095416
27,0.08422735529643446,0.475008730776608,0.8360222222222222,0.867,39.25555872917175,0.475008730776608
28,0.08306559326618262,0.4763548616319895,0.8366444444444444,0.8402,40.62753701210022,0.4763548616319895
29,0.08187119948743452,0.4740096970715306,0.8372444444444445,0.8402,38.67941880226135,0.4740096970715306
30,0.08064535268264886,0.45528482129289344,0.8431333333333333,0.8074,38.409910440444946,0.45528482129289344
31,0.0793892626146237,0.46235376389019867,0.8415111111111111,0.7824,40.393487215042114,0.46235376389019867
32,0.07810416889260657,0.45559436709366063,0.8444222222222222,0.856,39.679447412490845,0.45559436709366063
33,0.07679133974894986,0.4473784157836979,0.8479777777777778,0.863,37.863996505737305,0.4473784157836979
34,0.0754520707875186,0.43361962044780905,0.8525333333333334,0.8658,39.06016826629639,0.43361962044780905
35,0.0740876837050858,0.43906675245274196,0.8491777777777778,0.879,37.71622633934021,0.43906675245274196
36,0.07269952498697738,0.4235956290398132,0.8548666666666667,0.8574,38.923025369644165,0.4235956290398132
37,0.07128896457825366,0.415112975646149,0.8581555555555556,0.851,39.26463222503662,0.415112975646149
38,0.06985739453173906,0.4145493019287559,0.8590444444444445,0.8316,39.24771547317505,0.4145493019287559
39,0.06840622763423394,0.4169658579948274,0.8565555555555555,0.8778,37.545201539993286,0.4169658579948274
40,0.06693689601226462,0.4017722014422444,0.8629333333333333,0.8622,39.14225506782532,0.4017722014422444
41,0.06545084971874741,0.3975143765776672,0.8644222222222222,0.875,38.33696889877319,0.3975143765776672
42,0.06394955530196152,0.39543491043150425,0.8637555555555556,0.858,37.59832549095154,0.39543491043150425
43,0.062434494358242776,0.3844055789099498,0.8692222222222222,0.8574,39.1624116897583,0.3844055789099498
44,0.06090716206982718,0.3819589013318447,0.8697111111111111,0.8812,37.48219656944275,0.3819589013318447
45,0.05936906572928628,0.38122753659263253,0.8699333333333333,0.8794,39.32029938697815,0.38122753659263253
46,0.05782172325201159,0.3690028990280222,0.8735555555555555,0.8648,39.26643419265747,0.3690028990280222
47,0.056266661678215264,0.36132175593890925,0.8768222222222222,0.8726,38.03389620780945,0.36132175593890925
48,0.05470541566592575,0.35451464338058775,0.8793111111111112,0.8694,37.828256130218506,0.35451464338058775
49,0.053139525976465714,0.3606823471544141,0.8754666666666666,0.8476,39.19993734359741,0.3606823471544141
50,0.05157053795390645,0.3391044680029154,0.8837555555555555,0.8686,37.61410045623779,0.3391044680029154
51,0.05000000000000004,0.34020756384019146,0.8831333333333333,0.8744,38.92017436027527,0.34020756384019146
52,0.04842946204609362,0.3330201739022,0.8868888888888888,0.8758,38.99262285232544,0.3330201739022
53,0.04686047402353437,0.3258627302182669,0.8888,0.8874,37.32000279426575,0.3258627302182669
54,0.045294584334074316,0.32152749763124366,0.8912666666666667,0.8982,39.896543979644775,0.32152749763124366
55,0.043733338321784825,0.3128393748351796,0.8936888888888889,0.8884,39.78218340873718,0.3128393748351796
56,0.042178276747988484,0.3099424803883515,0.8939555555555555,0.8854,36.85324001312256,0.3099424803883515
57,0.0406309342707138,0.30111745080317964,0.8972666666666667,0.8866,38.24941849708557,0.30111745080317964
58,0.039092837930172916,0.2942134417932142,0.8986222222222222,0.891,39.108519315719604,0.2942134417932142
59,0.037565505641757285,0.28570070524107327,0.9021333333333333,0.9028,37.51115107536316,0.28570070524107327
60,0.03605044469803857,0.27349276637489145,0.9064666666666666,0.8834,39.31316637992859,0.27349276637489145
61,0.034549150281252675,0.2732006692412225,0.9063333333333333,0.8876,38.91184878349304,0.2732006692412225
62,0.03306310398773546,0.25891329669816926,0.9108666666666667,0.906,37.182435750961304,0.25891329669816926
63,0.031593772365766146,0.2576044268948449,0.9130444444444444,0.9042,39.851643323898315,0.2576044268948449
64,0.030142605468260992,0.24498495647937737,0.9173333333333333,0.9104,39.6352014541626,0.24498495647937737
65,0.028711035421746394,0.23995805806903678,0.9181111111111111,0.9152,38.73236918449402,0.23995805806903678
66,0.027300475013022688,0.23075512318279257,0.9218666666666666,0.9172,38.308082818984985,0.23075512318279257
67,0.025912316294914254,0.22194783630865542,0.9244,0.9154,39.66019296646118,0.22194783630865542
68,0.02454792921248146,0.21392255316657777,0.9271777777777778,0.9264,38.15824055671692,0.21392255316657777
69,0.02320866025105018,0.20443715216507288,0.9284888888888889,0.921,38.19535255432129,0.20443715216507288
70,0.021895831107393487,0.19887453048828652,0.9329111111111111,0.9262,39.24107885360718,0.19887453048828652
71,0.02061073738537637,0.18817878673276442,0.9368444444444445,0.9248,38.584487438201904,0.18817878673276442
72,0.01935464731735119,0.17732972486621953,0.9389111111111111,0.927,37.305948972702026,0.17732972486621953
73,0.018128800512565532,0.17338423365303737,0.9413777777777778,0.9306,40.257269620895386,0.17338423365303737
74,0.016934406733817433,0.16438362074338578,0.9435777777777777,0.9328,39.757792234420776,0.16438362074338578
75,0.01577264470356558,0.15687178444667635,0.9469777777777778,0.931,38.19121265411377,0.15687178444667635
76,0.014644660940672643,0.1425663834882223,0.9521333333333334,0.933,38.65438723564148,0.1425663834882223
77,0.013551568628929448,0.13880937098821794,0.9532888888888889,0.9338,40.44396734237671,0.13880937098821794
78,0.012494446518477033,0.12834533795566214,0.9556,0.9344,38.21397089958191,0.12834533795566214
79,0.011474337861210555,0.11955654173454439,0.9596666666666667,0.939,38.971330404281616,0.11955654173454439
80,0.01049224938121549,0.11051664730555123,0.9633555555555555,0.9382,39.456913471221924,0.11051664730555123
81,0.009549150281252642,0.10274438845755701,0.9661111111111111,0.9416,37.77128291130066,0.10274438845755701
82,0.008645971286271922,0.0961506835618903,0.9684,0.9418,38.35746693611145,0.0961506835618903
83,0.007783603724899264,0.08999827559719878,0.9696666666666667,0.9416,39.72675943374634,0.08999827559719878
84,0.006962898649802819,0.0800504718632014,0.9735111111111111,0.9454,37.568692207336426,0.0800504718632014
85,0.0061846659978068265,0.07628174973863432,0.9748666666666667,0.9468,38.90865206718445,0.07628174973863432
86,0.005449673790581615,0.0696038540971296,0.9770666666666666,0.9478,39.55215072631836,0.0696038540971296
87,0.004758647376699036,0.06439272647152063,0.9792666666666666,0.9508,39.5411102771759,0.06439272647152063
88,0.004112268715800957,0.0586913683721584,0.9815777777777778,0.9508,37.701162338256836,0.0586913683721584
89,0.003511175705587435,0.05482319920503704,0.9816666666666667,0.9488,39.05777430534363,0.05482319920503704
90,0.0029559615522887295,0.04802388918390286,0.9848444444444444,0.9496,37.763452768325806,0.04802388918390286
91,0.0024471741852423253,0.04668600896680304,0.9848,0.9534,37.363765239715576,0.04668600896680304
92,0.0019853157161528537,0.04208127410674933,0.9866222222222222,0.9528,39.902180194854736,0.04208127410674933
93,0.0015708419435684529,0.038944445115207185,0.9878888888888889,0.9536,37.281171560287476,0.038944445115207185
94,0.0012041619030626347,0.03795430070749717,0.9882,0.9544,38.99207067489624,0.03795430070749717
95,0.0008856374635655646,0.0357872258292363,0.9888444444444444,0.9496,39.87639403343201,0.0357872258292363
96,0.0006155829702431174,0.03422501602009023,0.9891555555555556,0.9538,37.54949140548706,0.03422501602009023
97,0.00039426493427611206,0.035469821028527804,0.989,0.9544,37.794294595718384,0.035469821028527804
98,0.00022190176984600036,0.029907280946975912,0.9909111111111111,0.9542,38.613051891326904,0.029907280946975912
99,9.866357858642213e-05,0.03320564594336743,0.9897333333333334,0.954,36.896963119506836,0.03320564594336743
100,2.4671981713420017e-05,0.03314376011522571,0.9898,0.9536,37.975565910339355,0.03314376011522571
